{"cameraMode":{"drawMode":0,"name":"Shaded","section":"Shading Mode"},"sceneLighting":false,"audioPlay":false,"sceneViewState":{"m_AlwaysRefresh":false,"showFog":true,"showSkybox":false,"showFlares":true,"showImageEffects":true,"showParticleSystems":true,"showVisualEffectGraphs":true,"m_FxEnabled":true},"in2DMode":false,"pivot":{"x":0.000002384185791015625,"y":0.12591850757598878,"z":1.3963303565979005},"rotation":{"x":-0.03998676314949989,"y":0.9624273180961609,"z":-0.18930616974830628,"w":-0.19014491140842439},"size":8.939841270446778,"orthographic":false}