{"cameraMode":{"drawMode":0,"name":"Shaded","section":"Shading Mode"},"sceneLighting":false,"audioPlay":false,"sceneViewState":{"m_AlwaysRefresh":false,"showFog":true,"showSkybox":false,"showFlares":true,"showImageEffects":true,"showParticleSystems":true,"showVisualEffectGraphs":true,"m_FxEnabled":true},"in2DMode":false,"pivot":{"x":0.20237591862678529,"y":5.784354209899902,"z":-0.022267818450927736},"rotation":{"x":0.03854915127158165,"y":-0.08504727482795716,"z":-0.003173916134983301,"w":-0.995589554309845},"size":1.6220179796218873,"orthographic":false}