{"cameraMode":{"drawMode":0,"name":"Shaded","section":"Shading Mode"},"sceneLighting":false,"audioPlay":false,"sceneViewState":{"m_AlwaysRefresh":false,"showFog":true,"showSkybox":false,"showFlares":true,"showImageEffects":true,"showParticleSystems":true,"showVisualEffectGraphs":true,"m_FxEnabled":true},"in2DMode":false,"pivot":{"x":-0.10776470601558685,"y":-0.5181113481521606,"z":-126.7866439819336},"rotation":{"x":-0.031014885753393174,"y":0.9706012010574341,"z":-0.14741599559783936,"w":-0.18733827769756318},"size":8.123459815979004,"orthographic":false}